-- phpMyAdmin SQL Dump
-- version 4.1.14
-- http://www.phpmyadmin.net
--
-- Servidor: 127.0.0.1
-- Tiempo de generación: 18-05-2015 a las 21:58:20
-- Versión del servidor: 5.6.17
-- Versión de PHP: 5.5.12

SET SQL_MODE = "NO_AUTO_VALUE_ON_ZERO";
SET time_zone = "+00:00";


/*!40101 SET @OLD_CHARACTER_SET_CLIENT=@@CHARACTER_SET_CLIENT */;
/*!40101 SET @OLD_CHARACTER_SET_RESULTS=@@CHARACTER_SET_RESULTS */;
/*!40101 SET @OLD_COLLATION_CONNECTION=@@COLLATION_CONNECTION */;
/*!40101 SET NAMES utf8 */;

--
-- Base de datos: `isthisgamefun`
--
CREATE DATABASE IF NOT EXISTS `isthisgamefun` DEFAULT CHARACTER SET utf8 COLLATE utf8_general_ci;
USE `isthisgamefun`;

-- --------------------------------------------------------

--
-- Estructura de tabla para la tabla `games`
--

DROP TABLE IF EXISTS `games`;
CREATE TABLE IF NOT EXISTS `games` (
  `id` int(11) NOT NULL AUTO_INCREMENT,
  `name` varchar(45) NOT NULL,
  `description` longtext NOT NULL,
  `cover` varchar(45) NOT NULL DEFAULT 'default.png',
  `release_date` date DEFAULT NULL,
  PRIMARY KEY (`id`),
  UNIQUE KEY `nombre_UNIQUE` (`name`)
) ENGINE=InnoDB  DEFAULT CHARSET=utf8 AUTO_INCREMENT=110 ;

--
-- Volcado de datos para la tabla `games`
--

INSERT IGNORE INTO `games` (`id`, `name`, `description`, `cover`, `release_date`) VALUES
(1, 'Super Mario Bros.', '', 'Super-Mario-Bros-.png', NULL),
(2, 'The Legend of Zelda', '', 'The-Legend-of-Zelda.png', NULL),
(3, 'Metroid', '', 'Metroid.png', NULL),
(4, 'Mega Man', '', 'Mega-Man.png', NULL),
(5, 'Contra', '', 'Contra.png', NULL),
(6, 'Sonic the Hedgehog', '', 'default.png', NULL),
(7, 'The Legend of Zelda: Link''s Awakening', '', 'The-Legend-of-Zelda-Link-s-Awakening.png', NULL),
(8, 'Super Mario Land', '', 'Super-Mario-Land.png', NULL),
(9, 'Pokemon Red/Blue', '', 'Pokemon-Red-Blue.png', NULL),
(10, 'Super Metroid', '', 'Super-Metroid.png', NULL),
(11, 'The Legend of Zelda: A Link to the Past', '', 'The-Legend-of-Zelda-A-Link-to-the-Past.png', NULL),
(12, 'Super Mario Kart', '', 'Super-Mario-Kart.png', NULL),
(13, 'Super Mario World', '', 'Super-Mario-World.png', NULL),
(14, 'Final Fantasy VI', '', 'Final-Fantasy-VI.png', NULL),
(15, 'Earthbound', '', 'Earthbound.png', NULL),
(16, 'Donkey Kong Country', '', 'Donkey-Kong-Country.png', NULL),
(17, 'Wario Land 3', '', 'Wario-Land-3.png', NULL),
(18, 'The Legend of Zelda: Oracle of Ages/Seasons', '', 'The-Legend-of-Zelda-Oracle-of-Ages-Seasons.pn', NULL),
(19, 'Pokemon Crystal', '', 'Pokemon-Crystal.png', NULL),
(20, 'Harvest Moon', '', 'Harvest-Moon.png', NULL),
(21, 'Shantae', '', 'Shantae.png', NULL),
(22, 'Metal Gear Solid', '', 'Metal-Gear-Solid.png', NULL),
(23, 'Final Fantasy VII', '', 'Final-Fantasy-VII.png', NULL),
(24, 'Final Fantasy VIII', '', 'Final-Fantasy-VIII.png', NULL),
(25, 'Final Fantasy IX', '', 'Final-Fantasy-IX.png', NULL),
(26, 'The Legend of Zelda: Ocarina of Time', '', 'The-Legend-of-Zelda-Ocarina-of-Time.png', NULL),
(27, 'The Legend of Zelda: Majora''s Mask', '', 'The-Legend-of-Zelda-Majora-s-Mask.png', NULL),
(28, 'Super Mario 64', '', 'Super-Mario-64.png', NULL),
(29, 'Goldeneye 007', '', 'Goldeneye-007.png', NULL),
(30, 'Perfect Dark', '', 'Perfect-Dark.png', NULL),
(31, 'Super Smash Bros.', '', 'Super-Smash-Bros-.png', NULL),
(32, 'Mario Kart 64', '', 'Mario-Kart-64.png', NULL),
(33, 'Lylat Wars', '', 'Lylat-Wars.png', NULL),
(34, 'Ico', '', 'Ico.png', NULL),
(35, 'Shadow of the Colossus', '', 'Shadow-of-the-Colossus.png', NULL),
(36, 'Devil May Cry 3: Dante''s Awakening', '', 'Devil-May-Cry-3-Dante-s-Awakening.png', NULL),
(37, 'God of War', '', 'God-of-War.png', NULL),
(38, 'Castlevania', '', 'Castlevania.png', NULL),
(39, 'Metroid Prime', '', 'Metroid-Prime.png', NULL),
(40, 'Super Mario Sunshine', '', 'Super-Mario-Sunshine.png', NULL),
(41, 'The Legend of Zelda: The Wind Waker', '', 'The-Legend-of-Zelda-The-Wind-Waker.png', NULL),
(42, 'Pikmin', '', 'Pikmin.png', NULL),
(43, 'F-Zero GX', '', 'F-Zero-GX.png', NULL),
(44, 'Animal Crossing', '', 'Animal-Crossing.png', NULL),
(45, 'Eternal Darkness: Sanity''s Requiem', '', 'Eternal-Darkness-Sanity-s-Requiem.png', NULL),
(46, 'Halo', '', 'Halo.png', NULL),
(47, 'Star Wars Knights of the Old Republic', '', 'Star-Wars-Knights-of-the-Old-Republic.png', NULL),
(48, 'Jet Set Radio Future', '', 'Jet-Set-Radio-Future.png', NULL),
(49, 'Psychonauts', '', 'Psychonauts.png', NULL),
(50, 'Golden Sun', '', 'Golden-Sun.png', NULL),
(51, 'Harvest Moon: Friends of Mineral Town', '', 'Harvest-Moon-Friends-of-Mineral-Town.png', NULL),
(52, 'Advance Wars', '', 'Advance-Wars.png', NULL),
(53, 'The Legend of Zelda: Minish Cap', '', 'The-Legend-of-Zelda-Minish-Cap.png', NULL),
(54, 'Kirby: Power Paintbrush', 'default description', 'default.png', NULL),
(55, 'The Legend of Zelda: Phantom Hourglass', 'default description', 'default.png', NULL),
(56, 'The Legend of Zelda: Spirit Tracks', 'default description', 'default.png', NULL),
(57, 'Wipeout', 'default description', 'default.png', NULL),
(58, 'Daxter', 'default description', 'default.png', NULL),
(59, 'Half Minute Hero', 'default description', 'default.png', NULL),
(60, 'BioShock', '', 'BioShock.png', NULL),
(61, 'Call of Duty: Modern Warfare 2', '', 'Call-of-Duty-Modern-Warfare-2.png', NULL),
(62, 'Fallout 3', '', 'Fallout-3.png', NULL),
(63, 'Super Mario Galaxy', '', 'Super-Mario-Galaxy.png', NULL),
(64, 'Metroid Prime 2: Echoes', '', 'Metroid-Prime-2-Echoes.png', NULL),
(65, 'Metroid Prime 3: Corruption', '', 'Metroid-Prime-3-Corruption.png', NULL),
(66, 'The Legend of Zelda: Twilight Princess', '', 'The-Legend-of-Zelda-Twilight-Princess.png', NULL),
(67, 'New Super Mario Bros. Wii', '', 'New-Super-Mario-Bros-Wii.png', NULL),
(68, 'Heavy Rain', 'default description', 'default.png', NULL),
(69, 'Final Fantasy X', '', 'Final-Fantasy-X.png', NULL),
(70, 'Final Fantasy XI', '', 'Final-Fantasy-XI.png', NULL),
(71, 'Final Fantasy XII', '', 'Final-Fantasy-XII.png', NULL),
(72, 'Final Fantasy XIII', '', 'Final-Fantasy-XIII.png', NULL),
(73, 'Final Fantasy XIII-2', 'default description', 'default.png', NULL),
(74, 'Final Fantasy X-2', '', 'Final-Fantasy-X-2.png', NULL),
(75, 'Lightning Returns: Final Fantasy XIII', 'default description', 'default.png', NULL),
(76, 'Killzone', '', 'Killzone.png', NULL),
(77, 'Little Big Planet', '', 'Little-Big-Planet.png', NULL),
(78, 'Half-Life', '', 'Half-Life.png', NULL),
(79, 'Cave Story', '', 'Cave-Story.png', NULL),
(80, 'To The Moon', '', 'To-The-Moon.png', NULL),
(81, 'Terraria', '', 'Terraria.png', NULL),
(82, 'Minecraft', '', 'Minecraft.png', NULL),
(83, 'Destiny', '', 'Destiny.png', NULL),
(84, 'The Legend of Zelda: A Link Between Worlds', '', 'The-Legend-of-Zelda-A-Link-Between-Worlds.png', NULL),
(85, 'Hyrule Warriors', '', 'Hyrule-Warriors.png', NULL),
(86, 'Mario Kart 8', '', 'Mario-Kart-8.png', NULL),
(87, 'Super Smash Bros. Melee', '', 'Super-Smash-Bros-Melee.png', NULL),
(88, 'Super Smash Bros. Brawl', '', 'Super-Smash-Bros-Brawl.png', NULL),
(89, 'Super Smash Bros. 3DS/WIIU', '', 'Super-Smash-Bros-3DS-WIIU.png', NULL),
(90, 'BioShock 2', '', 'BioShock-2.png', NULL),
(92, 'BioShock Infinite', '', 'BioShock-Infinite.png', NULL),
(94, 'Jak and Daxter: El Legado de los Precursores', '', 'Jak-and-Daxter-El-Legado-de-los-Precursores.p', NULL),
(95, 'Jak II', '', 'Jak-II.png', NULL),
(96, 'Jack 3', '', 'Jack-3.png', NULL),
(97, 'Mother', 'default description', 'default.png', NULL),
(98, 'Mother 3', '', 'Mother-3.png', NULL),
(99, 'God of War II', '', 'God-of-War-II.png', NULL),
(100, 'God of War III', '', 'God-of-War-III.png', NULL),
(101, 'Golden Sun: La Edad Perdida', '', 'Golden-Sun-La-Edad-Perdida.png', NULL),
(102, 'Half-Life 2', '', 'Half-Life-2.png', NULL),
(103, 'Half-Life 2: Episode One', '', 'Half-Life-2-Episode-One.png', NULL),
(104, 'Half-Life 2: Episode Two', '', 'Half-Life-2-Episode-Two.png', NULL),
(105, 'Killzone 2', '', 'Killzone-2.png', NULL),
(106, 'Killzone 3', '', 'Killzone-3.png', NULL),
(107, 'Paper Mario', '', 'Paper-Mario.png', NULL),
(108, 'Shantae: Risky''s Revenge', '', 'Shantae-Risky-s-Revenge.png', NULL),
(109, 'Shantae and the Pirate''s Curse', '', 'Shantae-and-the-Pirate-s-Curse.png', NULL);

-- --------------------------------------------------------

--
-- Estructura de tabla para la tabla `game_platform`
--

DROP TABLE IF EXISTS `game_platform`;
CREATE TABLE IF NOT EXISTS `game_platform` (
  `game` int(11) NOT NULL,
  `platform` int(11) NOT NULL,
  PRIMARY KEY (`game`,`platform`),
  KEY `fk_platform_platforms_idx` (`platform`)
) ENGINE=InnoDB DEFAULT CHARSET=utf8;

--
-- Volcado de datos para la tabla `game_platform`
--

INSERT IGNORE INTO `game_platform` (`game`, `platform`) VALUES
(1, 1),
(2, 1),
(3, 1),
(4, 1),
(5, 1),
(97, 1),
(6, 2),
(7, 3),
(8, 3),
(9, 3),
(10, 4),
(11, 4),
(12, 4),
(13, 4),
(14, 4),
(15, 4),
(16, 4),
(17, 5),
(18, 5),
(19, 5),
(20, 5),
(21, 5),
(22, 6),
(23, 6),
(24, 6),
(25, 6),
(26, 7),
(27, 7),
(28, 7),
(29, 7),
(30, 7),
(31, 7),
(32, 7),
(33, 7),
(107, 7),
(34, 8),
(35, 8),
(36, 8),
(37, 8),
(38, 8),
(76, 8),
(94, 8),
(95, 8),
(96, 8),
(99, 8),
(39, 9),
(40, 9),
(41, 9),
(42, 9),
(43, 9),
(44, 9),
(45, 9),
(87, 9),
(46, 10),
(47, 10),
(48, 10),
(49, 10),
(102, 10),
(50, 11),
(51, 11),
(52, 11),
(53, 11),
(98, 11),
(101, 11),
(54, 12),
(55, 12),
(56, 12),
(108, 12),
(57, 13),
(58, 13),
(59, 13),
(60, 14),
(61, 14),
(62, 14),
(81, 14),
(82, 14),
(83, 14),
(90, 14),
(92, 14),
(102, 14),
(103, 14),
(104, 14),
(63, 15),
(64, 15),
(65, 15),
(66, 15),
(67, 15),
(88, 15),
(37, 16),
(60, 16),
(68, 16),
(69, 16),
(70, 16),
(71, 16),
(72, 16),
(73, 16),
(74, 16),
(75, 16),
(76, 16),
(77, 16),
(81, 16),
(82, 16),
(83, 16),
(90, 16),
(92, 16),
(94, 16),
(95, 16),
(96, 16),
(99, 16),
(100, 16),
(102, 16),
(103, 16),
(104, 16),
(105, 16),
(106, 16),
(60, 17),
(78, 17),
(79, 17),
(80, 17),
(81, 17),
(82, 17),
(83, 17),
(90, 17),
(92, 17),
(102, 17),
(103, 17),
(104, 17),
(108, 17),
(41, 18),
(83, 18),
(85, 18),
(86, 18),
(89, 18),
(109, 18),
(27, 19),
(84, 19),
(89, 19),
(109, 19),
(69, 21),
(74, 21),
(81, 21),
(82, 21),
(83, 21),
(100, 21),
(81, 22),
(82, 22),
(83, 22),
(37, 23),
(69, 23),
(74, 23),
(81, 23),
(82, 23),
(94, 23),
(95, 23),
(96, 23),
(99, 23);

-- --------------------------------------------------------

--
-- Estructura Stand-in para la vista `game_positive_percentage`
--
DROP VIEW IF EXISTS `game_positive_percentage`;
CREATE TABLE IF NOT EXISTS `game_positive_percentage` (
`game_id` int(11)
,`positive_percentage` decimal(24,0)
);
-- --------------------------------------------------------

--
-- Estructura de tabla para la tabla `game_saga`
--

DROP TABLE IF EXISTS `game_saga`;
CREATE TABLE IF NOT EXISTS `game_saga` (
  `game` int(11) NOT NULL,
  `saga` int(11) NOT NULL,
  PRIMARY KEY (`game`,`saga`),
  KEY `fk_saga_gamesaga_idx` (`saga`)
) ENGINE=InnoDB DEFAULT CHARSET=utf8;

--
-- Volcado de datos para la tabla `game_saga`
--

INSERT IGNORE INTO `game_saga` (`game`, `saga`) VALUES
(2, 1),
(7, 1),
(11, 1),
(18, 1),
(26, 1),
(27, 1),
(41, 1),
(53, 1),
(66, 1),
(84, 1),
(14, 2),
(23, 2),
(24, 2),
(25, 2),
(69, 2),
(70, 2),
(71, 2),
(72, 2),
(74, 2),
(3, 3),
(10, 3),
(39, 3),
(64, 3),
(65, 3),
(4, 4),
(12, 5),
(32, 5),
(86, 5),
(15, 6),
(98, 6),
(9, 7),
(19, 7),
(21, 8),
(108, 8),
(109, 8),
(31, 9),
(87, 9),
(88, 9),
(89, 9),
(37, 10),
(99, 10),
(100, 10),
(42, 11),
(46, 12),
(94, 13),
(95, 13),
(96, 13),
(60, 14),
(90, 14),
(92, 14),
(62, 15),
(76, 16),
(105, 16),
(106, 16),
(78, 17),
(102, 17),
(103, 17),
(104, 17);

-- --------------------------------------------------------

--
-- Estructura Stand-in para la vista `game_vote_balance`
--
DROP VIEW IF EXISTS `game_vote_balance`;
CREATE TABLE IF NOT EXISTS `game_vote_balance` (
`id` int(11)
,`name` varchar(45)
,`votos_positivos` bigint(21)
,`votos_negativos` bigint(21)
,`votos_totales` bigint(21)
,`positive_percentage` decimal(25,2)
);
-- --------------------------------------------------------

--
-- Estructura Stand-in para la vista `most_negative_voted`
--
DROP VIEW IF EXISTS `most_negative_voted`;
CREATE TABLE IF NOT EXISTS `most_negative_voted` (
`id` int(11)
,`name` varchar(45)
,`cover` varchar(45)
,`votes` bigint(21)
);
-- --------------------------------------------------------

--
-- Estructura Stand-in para la vista `most_positive_voted`
--
DROP VIEW IF EXISTS `most_positive_voted`;
CREATE TABLE IF NOT EXISTS `most_positive_voted` (
`id` int(11)
,`name` varchar(45)
,`cover` varchar(45)
,`votes` bigint(21)
);
-- --------------------------------------------------------

--
-- Estructura Stand-in para la vista `most_voted`
--
DROP VIEW IF EXISTS `most_voted`;
CREATE TABLE IF NOT EXISTS `most_voted` (
`id` int(11)
,`name` varchar(45)
,`cover` varchar(45)
,`votes` bigint(21)
);
-- --------------------------------------------------------

--
-- Estructura de tabla para la tabla `platforms`
--

DROP TABLE IF EXISTS `platforms`;
CREATE TABLE IF NOT EXISTS `platforms` (
  `id` int(11) NOT NULL AUTO_INCREMENT,
  `name` varchar(45) NOT NULL,
  `short_name` varchar(7) DEFAULT NULL,
  `icon` varchar(45) NOT NULL DEFAULT 'default.png',
  PRIMARY KEY (`id`),
  UNIQUE KEY `name_UNIQUE` (`name`),
  UNIQUE KEY `short_name_UNIQUE` (`short_name`)
) ENGINE=InnoDB  DEFAULT CHARSET=utf8 AUTO_INCREMENT=24 ;

--
-- Volcado de datos para la tabla `platforms`
--

INSERT IGNORE INTO `platforms` (`id`, `name`, `short_name`, `icon`) VALUES
(1, 'Nintendo Entertainment System', 'NES', 'default.png'),
(2, 'Sega Master System', 'SMS', 'default.png'),
(3, 'Game Boy', 'GB', 'default.png'),
(4, 'Super Nintendo Entertainment System', 'SNES', 'default.png'),
(5, 'Game Boy Color', 'GBC', 'default.png'),
(6, 'PlayStation', 'PS', 'default.png'),
(7, 'Nintendo 64', 'N64', 'default.png'),
(8, 'PlayStation 2', 'PS2', 'default.png'),
(9, 'GameCube', 'GC', 'default.png'),
(10, 'Xbox', 'XBOX', 'default.png'),
(11, 'Game Boy Advance', 'GBA', 'default.png'),
(12, 'Nintendo DS', 'NDS', 'default.png'),
(13, 'PlayStation Portable', 'PSP', 'default.png'),
(14, 'Xbox 360', 'XB360', 'default.png'),
(15, 'Wii', 'WII', 'default.png'),
(16, 'PlayStation 3', 'PS3', 'default.png'),
(17, 'PC', 'PC', 'default.png'),
(18, 'Wii U', 'WIIU', 'default.png'),
(19, 'Nintendo 3DS', '3DS', 'default.png'),
(20, 'New Nintendo 3DS', 'N3DS', 'default.png'),
(21, 'PlayStation 4', 'PS4', 'default.png'),
(22, 'Xbox One', 'XBONE', 'default.png'),
(23, 'PlayStation Vita', 'PSVita', 'default.png');

-- --------------------------------------------------------

--
-- Estructura de tabla para la tabla `sagas`
--

DROP TABLE IF EXISTS `sagas`;
CREATE TABLE IF NOT EXISTS `sagas` (
  `id` int(11) NOT NULL AUTO_INCREMENT,
  `name` varchar(45) NOT NULL,
  `description` longtext NOT NULL,
  `logo` varchar(45) NOT NULL DEFAULT 'default.png',
  PRIMARY KEY (`id`),
  UNIQUE KEY `name_UNIQUE` (`name`)
) ENGINE=InnoDB  DEFAULT CHARSET=utf8 AUTO_INCREMENT=18 ;

--
-- Volcado de datos para la tabla `sagas`
--

INSERT IGNORE INTO `sagas` (`id`, `name`, `description`, `logo`) VALUES
(1, 'The Legend of Zelda', 'default description', 'default.png'),
(2, 'Final Fantasy', 'default description', 'default.png'),
(3, 'Metroid', 'default description', 'default.png'),
(4, 'Mega Man', 'default description', 'default.png'),
(5, 'Mario Kart', 'default description', 'default.png'),
(6, 'Mother', 'default description', 'default.png'),
(7, 'Pokemon', 'default description', 'default.png'),
(8, 'Shantae', 'default description', 'default.png'),
(9, 'Super Smash Bros.', 'default description', 'default.png'),
(10, 'God of War', 'default description', 'default.png'),
(11, 'Pikmin', 'default description', 'default.png'),
(12, 'Halo', 'default description', 'default.png'),
(13, 'Jak and Daxter', 'default description', 'default.png'),
(14, 'Bioshock', 'default description', 'default.png'),
(15, 'Fallout', 'default description', 'default.png'),
(16, 'Killzone', 'default description', 'default.png'),
(17, 'Half-Life', 'default description', 'default.png');

-- --------------------------------------------------------

--
-- Estructura de tabla para la tabla `saga_votes`
--

DROP TABLE IF EXISTS `saga_votes`;
CREATE TABLE IF NOT EXISTS `saga_votes` (
  `user` int(11) NOT NULL,
  `saga` int(11) NOT NULL,
  `vote` binary(1) NOT NULL,
  PRIMARY KEY (`user`,`saga`),
  KEY `fk_saga_sagavotes_idx` (`saga`)
) ENGINE=InnoDB DEFAULT CHARSET=utf8;

--
-- Volcado de datos para la tabla `saga_votes`
--

INSERT IGNORE INTO `saga_votes` (`user`, `saga`, `vote`) VALUES
(1, 1, '1');

-- --------------------------------------------------------

--
-- Estructura Stand-in para la vista `saga_vote_balance`
--
DROP VIEW IF EXISTS `saga_vote_balance`;
CREATE TABLE IF NOT EXISTS `saga_vote_balance` (
`id` int(11)
,`name` varchar(45)
,`votos_positivos` bigint(21)
,`votos_negativos` bigint(21)
,`votos_totales` bigint(21)
,`positive_percentage` decimal(25,2)
);
-- --------------------------------------------------------

--
-- Estructura de tabla para la tabla `users`
--

DROP TABLE IF EXISTS `users`;
CREATE TABLE IF NOT EXISTS `users` (
  `user_id` int(11) NOT NULL AUTO_INCREMENT,
  `user_name` varchar(45) NOT NULL,
  `user_pass` varchar(45) NOT NULL,
  `user_level` enum('autodisabled','disabled','normal','special','blogger','admin','god') NOT NULL DEFAULT 'normal',
  `user_nick` varchar(45) NOT NULL,
  `user_email` varchar(45) NOT NULL,
  `user_avatar` varchar(45) NOT NULL DEFAULT 'default.png',
  `create_time` timestamp NOT NULL DEFAULT CURRENT_TIMESTAMP,
  `update_time` timestamp NOT NULL DEFAULT CURRENT_TIMESTAMP ON UPDATE CURRENT_TIMESTAMP,
  PRIMARY KEY (`user_id`),
  UNIQUE KEY `nick_UNIQUE` (`user_nick`),
  UNIQUE KEY `user_name_UNIQUE` (`user_name`)
) ENGINE=InnoDB  DEFAULT CHARSET=utf8 AUTO_INCREMENT=106 ;

--
-- Volcado de datos para la tabla `users`
--

INSERT IGNORE INTO `users` (`user_id`, `user_name`, `user_pass`, `user_level`, `user_nick`, `user_email`, `user_avatar`, `create_time`, `update_time`) VALUES
(1, 'admin', 'admin', 'admin', 'Admin', 'admin@admin.com', 'admin.png', '2015-03-27 15:57:08', '2015-05-17 16:09:45'),
(2, 'user', 'user', 'normal', 'test_user', 'user@isthisgamefun.com', 'default.png', '2015-03-27 15:57:08', '2015-03-30 14:20:57'),
(3, 'dummy', 'dummy', 'normal', 'dummy', 'dummy@isthisgamefun.com', 'default.png', '2015-03-28 17:43:54', '2015-03-28 17:43:54'),
(4, 'Whoopi', 'ZGY76VMO1XU', 'normal', 'Stewart', 'lacus.Etiam.bibendum@massa.net', 'default.png', '2015-03-29 17:22:42', '2015-03-29 17:22:42'),
(5, 'Forrest', 'GHW75OOU7OF', 'normal', 'Elmo', 'vulputate@tellus.co.uk', 'default.png', '2015-03-29 17:22:42', '2015-03-29 17:22:42'),
(6, 'Nell', 'YBP93NIJ3IB', 'normal', 'Audrey', 'dolor.quam@nuncsitamet.org', 'default.png', '2015-03-29 17:22:42', '2015-03-29 17:22:42'),
(7, 'Harper', 'EQQ62ELI5VE', 'normal', 'Willa', 'risus@facilisisSuspendisse.net', 'default.png', '2015-03-29 17:22:42', '2015-03-29 17:22:42'),
(8, 'Briar', 'OTJ60YOK3OY', 'normal', 'Velma', 'felis@vitae.org', 'default.png', '2015-03-29 17:22:42', '2015-03-29 17:22:42'),
(9, 'Mercedes', 'TDI07MMX5SG', 'normal', 'Acton', 'Donec.egestas.Duis@pedenonummyut.edu', 'default.png', '2015-03-29 17:22:42', '2015-03-29 17:22:42'),
(10, 'Graham', 'JCI92PDX4GN', 'normal', 'Aline', 'magna.Nam@Phasellus.edu', 'default.png', '2015-03-29 17:22:42', '2015-03-29 17:22:42'),
(11, 'Flavia', 'XPC35OLO7HE', 'normal', 'Alyssa', 'adipiscing.elit.Aliquam@a.com', 'default.png', '2015-03-29 17:22:42', '2015-03-29 17:22:42'),
(12, 'Jasper', 'RAO08IYG8PJ', 'normal', 'Paki', 'neque@turpisegestas.co.uk', 'default.png', '2015-03-29 17:22:42', '2015-03-29 17:22:42'),
(13, 'Priscilla', 'MHE91RAA4JL', 'normal', 'Rose', 'massa.Mauris.vestibulum@lorem.org', 'default.png', '2015-03-29 17:22:42', '2015-03-29 17:22:42'),
(14, 'Drew', 'XJX17ACR6UR', 'normal', 'Joshua', 'scelerisque@auctor.org', 'default.png', '2015-03-29 17:22:42', '2015-03-29 17:22:42'),
(15, 'Ivan', 'UTO14RSX8HK', 'normal', 'Virginia', 'Integer.aliquam@nibh.com', 'default.png', '2015-03-29 17:22:42', '2015-03-29 17:22:42'),
(16, 'Fredericka', 'MUK49GHH4VI', 'normal', 'Nathan', 'dui@Quisqueac.org', 'default.png', '2015-03-29 17:22:42', '2015-03-29 17:22:42'),
(17, 'Thaddeus', 'DRP92DEM0SR', 'normal', 'Amelia', 'porta@Nullamsuscipitest.org', 'default.png', '2015-03-29 17:22:42', '2015-03-29 17:22:42'),
(18, 'Bethany', 'IPA56SMM9TT', 'normal', 'Bert', 'a@ornare.com', 'default.png', '2015-03-29 17:22:42', '2015-03-29 17:22:42'),
(19, 'Blythe', 'IXE30KYO6CP', 'normal', 'Wynter', 'leo.Morbi.neque@tinciduntDonecvitae.com', 'default.png', '2015-03-29 17:22:42', '2015-03-29 17:22:42'),
(20, 'Shellie', 'JNM40ECL2QO', 'normal', 'Ramona', 'eu.eros@ac.ca', 'default.png', '2015-03-29 17:22:42', '2015-03-29 17:22:42'),
(21, 'Echo', 'WOX43IQL4WH', 'normal', 'Neil', 'sem@egestasDuisac.com', 'default.png', '2015-03-29 17:22:42', '2015-03-29 17:22:42'),
(22, 'Keelie', 'JJD14FQC1YI', 'normal', 'Kennedy', 'magnis.dis@dignissim.ca', 'default.png', '2015-03-29 17:22:42', '2015-03-29 17:22:42'),
(23, 'Flynn', 'EFV97LTZ3MV', 'normal', 'Colette', 'justo.nec@gravidasagittisDuis.ca', 'default.png', '2015-03-29 17:22:42', '2015-03-29 17:22:42'),
(24, 'Adele', 'FQK65GBO9HH', 'normal', 'Marsden', 'In.scelerisque.scelerisque@sedduiFusce.ca', 'default.png', '2015-03-29 17:22:42', '2015-03-29 17:22:42'),
(25, 'Dexter', 'SQE59VMD2PE', 'normal', 'Joel', 'interdum.ligula.eu@lectussit.ca', 'default.png', '2015-03-29 17:22:42', '2015-03-29 17:22:42'),
(26, 'Unity', 'DGA55VQI4CW', 'normal', 'Laith', 'interdum@nonlacinia.co.uk', 'default.png', '2015-03-29 17:22:42', '2015-03-29 17:22:42'),
(27, 'Brittany', 'UTQ46GIW1KP', 'normal', 'Destiny', 'accumsan.interdum.libero@Etiambibendumferment', 'default.png', '2015-03-29 17:22:42', '2015-03-29 17:22:42'),
(28, 'Bianca', 'YJV95KWE4KD', 'normal', 'Abigail', 'mus.Proin@congueIn.net', 'default.png', '2015-03-29 17:22:42', '2015-03-29 17:22:42'),
(29, 'Hermione', 'ZBS48GGB4LM', 'normal', 'Jamal', 'magna.nec@eu.edu', 'default.png', '2015-03-29 17:22:42', '2015-03-29 17:22:42'),
(30, 'Dahlia', 'BJD61UGP6LE', 'normal', 'Ria', 'eget.metus.eu@egestas.com', 'default.png', '2015-03-29 17:22:42', '2015-03-29 17:22:42'),
(31, 'Aiko', 'WYZ67JPJ7MI', 'normal', 'Ori', 'ullamcorper@Nuncuterat.com', 'default.png', '2015-03-29 17:22:42', '2015-03-29 17:22:42'),
(32, 'Hadassah', 'QNE90XLX2RP', 'normal', 'Gretchen', 'neque@sit.ca', 'default.png', '2015-03-29 17:22:42', '2015-03-29 17:22:42'),
(33, 'Jenna', 'OUS82XNS4MK', 'normal', 'Carl', 'Donec@Nullamsuscipitest.ca', 'default.png', '2015-03-29 17:22:42', '2015-03-29 17:22:42'),
(34, 'Olivia', 'OPQ31JCT4JK', 'normal', 'Suki', 'non.vestibulum.nec@sociisnatoquepenatibus.org', 'default.png', '2015-03-29 17:22:42', '2015-03-29 17:22:42'),
(35, 'Yolanda', 'LIN00STO5RH', 'normal', 'Iliana', 'Cras@Lorem.org', 'default.png', '2015-03-29 17:22:42', '2015-03-29 17:22:42'),
(36, 'Daria', 'ZWY01IWP9LC', 'normal', 'Sybil', 'tellus@cursusdiamat.co.uk', 'default.png', '2015-03-29 17:22:42', '2015-03-29 17:22:42'),
(37, 'Lane', 'GHX66DBK6UN', 'normal', 'Alexandra', 'dui@Curabiturconsequat.edu', 'default.png', '2015-03-29 17:22:42', '2015-03-29 17:22:42'),
(38, 'Dennis', 'ZHZ93YBX0ZJ', 'normal', 'Cole', 'odio.Etiam.ligula@tinciduntduiaugue.com', 'default.png', '2015-03-29 17:22:42', '2015-03-29 17:22:42'),
(39, 'Inez', 'AZT85BQS8XE', 'normal', 'Jaquelyn', 'velit.Aliquam.nisl@morbitristique.ca', 'default.png', '2015-03-29 17:22:42', '2015-03-29 17:22:42'),
(40, 'Alec', 'BBC13YRZ5AG', 'normal', 'Winter', 'tempus.scelerisque.lorem@nulla.net', 'default.png', '2015-03-29 17:22:42', '2015-03-29 17:22:42'),
(41, 'Darius', 'EQY87IYY1IK', 'normal', 'Tamekah', 'rutrum.justo@etnunc.net', 'default.png', '2015-03-29 17:22:42', '2015-03-29 17:22:42'),
(42, 'Matthew', 'URB89VTW3VQ', 'normal', 'Dean', 'ullamcorper.eu@justoProinnon.com', 'default.png', '2015-03-29 17:22:42', '2015-03-29 17:22:42'),
(43, 'Zachery', 'ETT64GWH7QP', 'normal', 'Barry', 'lectus.quis@euismodin.org', 'default.png', '2015-03-29 17:22:42', '2015-03-29 17:22:42'),
(44, 'Molly', 'JWM28XBG5GZ', 'normal', 'Zachery', 'lorem@famesac.org', 'default.png', '2015-03-29 17:22:42', '2015-03-29 17:22:42'),
(45, 'Armand', 'AIX13IJJ0EB', 'normal', 'Nehru', 'erat@Aenean.org', 'default.png', '2015-03-29 17:22:42', '2015-03-29 17:22:42'),
(46, 'Phelan', 'ALU80VRC9OF', 'normal', 'Cecilia', 'dolor.sit@Fuscedolor.org', 'default.png', '2015-03-29 17:22:42', '2015-03-29 17:22:42'),
(47, 'Rylee', 'PGZ92CHZ8LJ', 'normal', 'Minerva', 'pede@facilisis.ca', 'default.png', '2015-03-29 17:22:42', '2015-03-29 17:22:42'),
(48, 'Fiona', 'FQQ65WUK4RU', 'normal', 'TaShya', 'egestas@sagittisNullam.edu', 'default.png', '2015-03-29 17:22:42', '2015-03-29 17:22:42'),
(49, 'Eugenia', 'JYN21SNJ1DK', 'normal', 'Lance', 'tempor.bibendum@tellusfaucibusleo.edu', 'default.png', '2015-03-29 17:22:42', '2015-03-29 17:22:42'),
(50, 'Lars', 'YDZ07HFY5HU', 'normal', 'Valentine', 'nibh@acmieleifend.edu', 'default.png', '2015-03-29 17:22:42', '2015-03-29 17:22:42'),
(51, 'Delilah', 'ZGD37QOS2BG', 'normal', 'Rajah', 'libero.mauris@CraspellentesqueSed.org', 'default.png', '2015-03-29 17:22:42', '2015-03-29 17:22:42'),
(52, 'Leo', 'RXC81BPH8AA', 'normal', 'Sacha', 'mattis.velit.justo@sagittisplaceratCras.edu', 'default.png', '2015-03-29 17:22:42', '2015-03-29 17:22:42'),
(53, 'Callie', 'BSQ67OBL3GO', 'normal', 'Blythe', 'ornare@velvulputate.edu', 'default.png', '2015-03-29 17:22:42', '2015-03-29 17:22:42'),
(54, 'Cynthia', 'RNE21XFE8CL', 'normal', 'Tanek', 'tincidunt.vehicula.risus@mattis.co.uk', 'default.png', '2015-03-29 17:22:42', '2015-03-29 17:22:42'),
(55, 'Bryar', 'XZM78CHL1QG', 'normal', 'Mariko', 'lobortis@faucibusorci.co.uk', 'default.png', '2015-03-29 17:22:42', '2015-03-29 17:22:42'),
(56, 'Judith', 'PFK88JSF1JP', 'normal', 'Kiona', 'nunc.nulla@quamCurabiturvel.ca', 'default.png', '2015-03-29 17:22:42', '2015-03-29 17:22:42'),
(57, 'Germaine', 'YSG85JQB8IA', 'normal', 'Guinevere', 'nibh.Phasellus.nulla@Donecluctus.edu', 'default.png', '2015-03-29 17:22:42', '2015-03-29 17:22:42'),
(58, 'Kylee', 'XSO10ERR8MA', 'normal', 'Jamalia', 'Suspendisse.ac.metus@miloremvehicula.net', 'default.png', '2015-03-29 17:22:42', '2015-03-29 17:22:42'),
(59, 'Lev', 'YXX36JOD4NJ', 'normal', 'Edward', 'dapibus.gravida@egestasurna.org', 'default.png', '2015-03-29 17:22:42', '2015-03-29 17:22:42'),
(60, 'Shay', 'OAL80ASP7BV', 'normal', 'Alan', 'ante.ipsum@dignissimpharetra.ca', 'default.png', '2015-03-29 17:22:42', '2015-03-29 17:22:42'),
(61, 'Dieter', 'OOE11BRC2AT', 'normal', 'Nita', 'nunc.ullamcorper.eu@elementum.co.uk', 'default.png', '2015-03-29 17:22:42', '2015-03-29 17:22:42'),
(62, 'Craig', 'WVQ61PEY4PU', 'normal', 'May', 'fermentum.vel@SuspendisseduiFusce.com', 'default.png', '2015-03-29 17:22:42', '2015-03-29 17:22:42'),
(63, 'Shoshana', 'XPQ36ZRA4HS', 'normal', 'Byron', 'adipiscing@sit.org', 'default.png', '2015-03-29 17:22:42', '2015-03-29 17:22:42'),
(64, 'Deacon', 'UEX49JIQ8TS', 'normal', 'Margaret', 'nibh.Quisque@Vivamus.ca', 'default.png', '2015-03-29 17:22:42', '2015-03-29 17:22:42'),
(65, 'Damian', 'BCP73ZPA4CH', 'normal', 'Deirdre', 'ligula@ettristiquepellentesque.org', 'default.png', '2015-03-29 17:22:42', '2015-03-29 17:22:42'),
(66, 'Leah', 'PQC14EON5JE', 'normal', 'Rahim', 'tempor@pede.net', 'default.png', '2015-03-29 17:22:42', '2015-03-29 17:22:42'),
(67, 'Susan', 'NFD77YSH6NK', 'normal', 'Ingrid', 'porttitor@Nunc.edu', 'default.png', '2015-03-29 17:22:42', '2015-03-29 17:22:42'),
(68, 'August', 'RYM21XCW1RM', 'normal', 'Hyatt', 'suscipit@acipsumPhasellus.org', 'default.png', '2015-03-29 17:22:42', '2015-03-29 17:22:42'),
(69, 'Aspen', 'OFO51BJI0RM', 'normal', 'Declan', 'Curabitur.vel.lectus@non.org', 'default.png', '2015-03-29 17:22:42', '2015-03-29 17:22:42'),
(70, 'Abdul', 'IAJ82XCE5KC', 'normal', 'Imani', 'egestas@Quisqueliberolacus.org', 'default.png', '2015-03-29 17:22:42', '2015-03-29 17:22:42'),
(71, 'Morgan', 'VVA76LBV8RT', 'normal', 'Haviva', 'tincidunt.congue@velit.net', 'default.png', '2015-03-29 17:22:42', '2015-03-29 17:22:42'),
(72, 'Nayda', 'DHP47SYW0KD', 'normal', 'Harding', 'leo.elementum.sem@Class.co.uk', 'default.png', '2015-03-29 17:22:42', '2015-03-29 17:22:42'),
(73, 'Madison', 'JKQ10LXD7FD', 'normal', 'Kato', 'Donec@nuncinterdum.com', 'default.png', '2015-03-29 17:22:42', '2015-03-29 17:22:42'),
(74, 'Maile', 'TGE25QHC7FV', 'normal', 'Eden', 'erat.volutpat@auctorvitae.com', 'default.png', '2015-03-29 17:22:42', '2015-03-29 17:22:42'),
(75, 'Amy', 'EQG35IXF8FH', 'normal', 'Chantale', 'velit@Nunclaoreet.edu', 'default.png', '2015-03-29 17:22:42', '2015-03-29 17:22:42'),
(76, 'Yael', 'FHN71HPF4XE', 'normal', 'Ignatius', 'Cras@arcuet.com', 'default.png', '2015-03-29 17:22:42', '2015-03-29 17:22:42'),
(77, 'Ivor', 'JCS89XQK2HD', 'normal', 'Jena', 'neque@magna.edu', 'default.png', '2015-03-29 17:22:42', '2015-03-29 17:22:42'),
(78, 'Hiram', 'HDF74TLI2DF', 'normal', 'Connor', 'ornare@perinceptoshymenaeos.com', 'default.png', '2015-03-29 17:22:42', '2015-03-29 17:22:42'),
(79, 'Summer', 'SSL22SQE4UB', 'normal', 'Gemma', 'molestie.Sed.id@litora.org', 'default.png', '2015-03-29 17:22:42', '2015-03-29 17:22:42'),
(80, 'Myles', 'GQJ23KWL6GI', 'normal', 'Karyn', 'semper.dui.lectus@mi.net', 'default.png', '2015-03-29 17:22:42', '2015-03-29 17:22:42'),
(81, 'Illiana', 'RQS77PFA3XW', 'normal', 'Cain', 'neque.Morbi.quis@sollicitudin.com', 'default.png', '2015-03-29 17:22:42', '2015-03-29 17:22:42'),
(82, 'Amber', 'DYK17RWT4ZJ', 'normal', 'Asher', 'erat.vel@malesuadavelconvallis.co.uk', 'default.png', '2015-03-29 17:22:42', '2015-03-29 17:22:42'),
(83, 'Mechelle', 'HBS19UOA3MW', 'normal', 'Hedy', 'Donec@consectetuermauris.co.uk', 'default.png', '2015-03-29 17:22:42', '2015-03-29 17:22:42'),
(84, 'Jescie', 'MGJ97RVO8QX', 'normal', 'Dawn', 'mauris.ut@Namnulla.edu', 'default.png', '2015-03-29 17:22:42', '2015-03-29 17:22:42'),
(85, 'Dylan', 'WXP10TPG2TJ', 'normal', 'Daphne', 'purus.accumsan@ante.com', 'default.png', '2015-03-29 17:22:42', '2015-03-29 17:22:42'),
(86, 'Ingrid', 'XVX57WCN7RF', 'normal', 'Hiroko', 'lectus.sit.amet@Proin.org', 'default.png', '2015-03-29 17:22:42', '2015-03-29 17:22:42'),
(87, 'Lyle', 'OVQ85XZA6JM', 'normal', 'Evelyn', 'Maecenas@utquam.edu', 'default.png', '2015-03-29 17:22:42', '2015-03-29 17:22:42'),
(88, 'Ora', 'IMF77YNQ0QC', 'normal', 'Jonas', 'blandit@magna.org', 'default.png', '2015-03-29 17:22:42', '2015-03-29 17:22:42'),
(89, 'Anthony', 'XAN51XSI3VB', 'normal', 'Paula', 'elit.a.feugiat@eratvel.net', 'default.png', '2015-03-29 17:22:42', '2015-03-29 17:22:42'),
(90, 'Gary', 'QMP49NUE0GN', 'normal', 'Kasimir', 'in.dolor@ut.net', 'default.png', '2015-03-29 17:22:42', '2015-03-29 17:22:42'),
(91, 'Gregory', 'GUB73GYO6SK', 'normal', 'Giacomo', 'eu.arcu@dapibusrutrum.ca', 'default.png', '2015-03-29 17:22:42', '2015-03-29 17:22:42'),
(92, 'Justina', 'KDX43EXN8RZ', 'normal', 'Tyrone', 'vulputate@magnaatortor.org', 'default.png', '2015-03-29 17:22:42', '2015-03-29 17:22:42'),
(93, 'Hakeem', 'ZLE17PHM1SZ', 'normal', 'Shannon', 'id.sapien@a.edu', 'default.png', '2015-03-29 17:22:42', '2015-03-29 17:22:42'),
(94, 'Xanthus', 'QTG15ZOI2OD', 'normal', 'Maris', 'nonummy.ipsum@loremDonecelementum.com', 'default.png', '2015-03-29 17:22:42', '2015-03-29 17:22:42'),
(95, 'pepe', 'pepe', 'normal', 'PEPON', 'pepe@pepe.com', 'default.png', '2015-03-30 12:58:45', '2015-03-30 12:58:45'),
(96, 'diego', 'diego', 'normal', 'Nekko', 'diego@rodribus.com', 'default.png', '2015-03-30 13:01:20', '2015-03-30 13:01:20'),
(97, 'test', 'test', 'normal', 'test', 'test@test.test', 'default.png', '2015-05-02 16:47:58', '2015-05-02 16:47:58'),
(102, 'test1', 'test1', 'normal', 'test1', 'test1@test.test', 'default.png', '2015-05-02 16:51:28', '2015-05-02 16:51:28'),
(105, 'test11', 'test1', 'normal', 'test1q', 'test1@test.test', 'default.png', '2015-05-02 16:51:50', '2015-05-02 16:51:50');

-- --------------------------------------------------------

--
-- Estructura de tabla para la tabla `user_votes`
--

DROP TABLE IF EXISTS `user_votes`;
CREATE TABLE IF NOT EXISTS `user_votes` (
  `user` int(11) NOT NULL,
  `game` int(11) NOT NULL,
  `vote` tinyint(1) NOT NULL,
  PRIMARY KEY (`user`,`game`),
  KEY `fk_game_votes_idx` (`game`)
) ENGINE=InnoDB DEFAULT CHARSET=utf8;

--
-- Volcado de datos para la tabla `user_votes`
--

INSERT IGNORE INTO `user_votes` (`user`, `game`, `vote`) VALUES
(1, 1, 1),
(2, 1, 0),
(2, 2, 1),
(2, 3, 1),
(2, 4, 0),
(2, 5, 0),
(2, 6, 0),
(2, 7, 1),
(2, 8, 1),
(2, 9, 1),
(2, 10, 1),
(2, 11, 1),
(2, 12, 1),
(2, 13, 1),
(2, 14, 1),
(2, 15, 1),
(2, 16, 0),
(2, 17, 0),
(2, 18, 0),
(2, 19, 0),
(2, 20, 1),
(2, 21, 0),
(2, 22, 1),
(2, 23, 0),
(2, 24, 0),
(2, 25, 0),
(2, 26, 1),
(2, 28, 1),
(2, 29, 0),
(2, 30, 1),
(2, 31, 0),
(2, 32, 1),
(2, 33, 0),
(2, 34, 0),
(2, 35, 0),
(2, 36, 0),
(2, 37, 1),
(2, 38, 0),
(2, 39, 1),
(2, 40, 0),
(2, 41, 0),
(2, 42, 0),
(2, 43, 1),
(2, 44, 1),
(2, 45, 1),
(2, 46, 0),
(2, 47, 0),
(2, 48, 0),
(2, 49, 1),
(2, 50, 0),
(2, 51, 0),
(2, 52, 1),
(2, 53, 1),
(2, 54, 1),
(2, 55, 1),
(2, 56, 3),
(2, 57, 1),
(2, 58, 0),
(2, 59, 0),
(2, 60, 0),
(2, 61, 1),
(2, 62, 0),
(2, 63, 0),
(2, 64, 0),
(2, 65, 0),
(2, 66, 0),
(2, 67, 0),
(2, 68, 1),
(2, 69, 0),
(2, 70, 0),
(2, 71, 1),
(2, 72, 0),
(2, 73, 0),
(2, 74, 0),
(2, 75, 0),
(2, 76, 1),
(2, 77, 1),
(2, 78, 0),
(2, 79, 1),
(2, 80, 0),
(2, 81, 0),
(2, 82, 1),
(2, 83, 0),
(2, 84, 0),
(2, 85, 1),
(2, 86, 1),
(2, 87, 1),
(2, 88, 1),
(2, 89, 0),
(3, 1, 1),
(3, 2, 1),
(3, 3, 1),
(3, 4, 0),
(3, 5, 1),
(3, 6, 0),
(3, 7, 1),
(3, 8, 1),
(3, 9, 1),
(3, 10, 1),
(3, 11, 0),
(3, 12, 0),
(3, 13, 1),
(3, 14, 0),
(3, 15, 1),
(3, 16, 1),
(3, 17, 0),
(3, 18, 0),
(3, 19, 0),
(3, 20, 1),
(3, 21, 1),
(3, 22, 1),
(3, 23, 1),
(3, 24, 1),
(3, 25, 0),
(3, 26, 0),
(3, 27, 1),
(3, 28, 0),
(3, 29, 0),
(3, 30, 1),
(3, 31, 0),
(3, 32, 1),
(3, 33, 1),
(3, 34, 0),
(3, 35, 0),
(3, 36, 1),
(3, 37, 0),
(3, 38, 1),
(3, 39, 1),
(3, 40, 1),
(3, 41, 1),
(3, 42, 0),
(3, 43, 0),
(3, 44, 1),
(3, 45, 1),
(3, 46, 0),
(3, 47, 1),
(3, 48, 1),
(3, 49, 0),
(3, 50, 1),
(3, 51, 0),
(3, 52, 1),
(3, 53, 1),
(3, 54, 0),
(3, 55, 0),
(3, 56, 0),
(3, 57, 1),
(3, 58, 0),
(3, 60, 1),
(3, 61, 1),
(3, 62, 1),
(3, 63, 1),
(3, 64, 1),
(3, 65, 1),
(3, 66, 1),
(3, 67, 0),
(3, 68, 1),
(3, 69, 1),
(3, 70, 1),
(3, 71, 1),
(3, 72, 1),
(3, 73, 0),
(3, 74, 1),
(3, 75, 1),
(3, 76, 1),
(3, 77, 1),
(3, 78, 1),
(3, 79, 0),
(3, 80, 1),
(3, 81, 1),
(3, 82, 0),
(3, 83, 1),
(3, 84, 0),
(3, 85, 1),
(3, 86, 0),
(3, 88, 0),
(3, 89, 1),
(4, 15, 0),
(4, 26, 0),
(4, 37, 0),
(4, 40, 0),
(4, 43, 1),
(4, 47, 0),
(4, 56, 1),
(4, 59, 0),
(4, 63, 0),
(5, 21, 0),
(5, 23, 0),
(5, 32, 0),
(5, 33, 1),
(5, 47, 1),
(5, 66, 0),
(5, 71, 0),
(5, 86, 1),
(5, 88, 0),
(6, 22, 1),
(6, 24, 0),
(6, 31, 1),
(6, 33, 0),
(6, 35, 0),
(6, 53, 1),
(6, 55, 0),
(6, 56, 0),
(7, 1, 1),
(7, 2, 0),
(7, 4, 1),
(7, 23, 0),
(7, 34, 1),
(7, 37, 1),
(7, 38, 0),
(7, 41, 0),
(7, 42, 1),
(7, 43, 1),
(7, 58, 1),
(7, 64, 0),
(7, 78, 1),
(7, 80, 1),
(7, 87, 0),
(8, 1, 1),
(8, 7, 1),
(8, 21, 1),
(8, 29, 1),
(8, 30, 0),
(8, 36, 1),
(8, 45, 0),
(8, 51, 0),
(8, 56, 0),
(8, 58, 0),
(8, 73, 0),
(8, 75, 0),
(9, 22, 1),
(9, 32, 0),
(9, 40, 0),
(9, 62, 1),
(9, 70, 1),
(9, 83, 1),
(9, 88, 1),
(10, 2, 0),
(10, 7, 1),
(10, 11, 0),
(10, 14, 0),
(10, 15, 1),
(10, 16, 0),
(10, 19, 1),
(10, 26, 0),
(10, 43, 1),
(10, 57, 0),
(10, 62, 1),
(10, 64, 0),
(10, 76, 1),
(10, 77, 1),
(10, 86, 0),
(11, 4, 1),
(11, 21, 1),
(11, 36, 0),
(11, 38, 0),
(11, 43, 0),
(11, 58, 0),
(11, 69, 0),
(11, 77, 1),
(12, 2, 1),
(12, 11, 0),
(12, 18, 0),
(12, 20, 0),
(12, 28, 1),
(12, 36, 1),
(12, 46, 1),
(12, 48, 1),
(12, 56, 1),
(12, 60, 0),
(12, 86, 1),
(13, 4, 1),
(13, 17, 1),
(13, 24, 1),
(13, 25, 0),
(13, 34, 1),
(13, 39, 1),
(13, 54, 1),
(13, 56, 1),
(13, 59, 1),
(13, 61, 0),
(13, 69, 1),
(13, 70, 0),
(13, 71, 0),
(13, 78, 0),
(13, 83, 1),
(14, 1, 0),
(14, 4, 1),
(14, 6, 0),
(14, 7, 1),
(14, 10, 1),
(14, 13, 0),
(14, 27, 0),
(14, 28, 0),
(14, 30, 0),
(14, 45, 1),
(14, 75, 1),
(14, 81, 0),
(14, 82, 1),
(14, 83, 0),
(15, 2, 0),
(15, 9, 0),
(15, 12, 1),
(15, 14, 1),
(15, 31, 1),
(15, 52, 0),
(15, 55, 0),
(15, 63, 0),
(15, 64, 1),
(15, 65, 0),
(15, 87, 1),
(16, 15, 1),
(16, 22, 0),
(16, 26, 1),
(16, 52, 0),
(16, 56, 1),
(16, 59, 1),
(16, 63, 0),
(16, 71, 0),
(16, 72, 1),
(16, 79, 1),
(17, 14, 0),
(17, 15, 1),
(17, 22, 1),
(17, 42, 0),
(17, 50, 0),
(17, 54, 1),
(17, 56, 0),
(17, 57, 1),
(17, 76, 1),
(17, 81, 0),
(17, 86, 0),
(18, 2, 0),
(18, 5, 0),
(18, 7, 1),
(18, 11, 1),
(18, 20, 1),
(18, 34, 1),
(18, 51, 0),
(18, 58, 1),
(18, 64, 0),
(18, 67, 0),
(18, 68, 0),
(18, 70, 1),
(18, 76, 0),
(18, 79, 1),
(18, 81, 0),
(18, 87, 0),
(19, 7, 1),
(19, 8, 0),
(19, 33, 1),
(19, 55, 0),
(19, 68, 1),
(19, 82, 0),
(20, 5, 1),
(20, 6, 1),
(20, 21, 0),
(20, 33, 0),
(20, 35, 1),
(20, 39, 0),
(20, 42, 1),
(20, 46, 1),
(20, 47, 0),
(20, 72, 1),
(20, 75, 1),
(21, 1, 1),
(21, 38, 0),
(21, 51, 0),
(21, 52, 1),
(21, 53, 0),
(21, 82, 1),
(22, 26, 0),
(22, 49, 1),
(22, 54, 0),
(22, 57, 1),
(22, 63, 0),
(22, 65, 1),
(22, 68, 0),
(22, 75, 0),
(22, 77, 0),
(22, 86, 1),
(23, 4, 1),
(23, 10, 1),
(23, 18, 0),
(23, 37, 1),
(23, 56, 1),
(24, 7, 0),
(24, 8, 1),
(24, 9, 0),
(24, 17, 0),
(24, 25, 1),
(24, 45, 0),
(24, 46, 1),
(24, 49, 1),
(24, 52, 1),
(24, 54, 0),
(24, 55, 1),
(24, 58, 1),
(24, 59, 0),
(24, 68, 1),
(25, 2, 1),
(25, 27, 0),
(25, 30, 0),
(25, 35, 0),
(25, 46, 1),
(25, 48, 0),
(25, 50, 0),
(25, 69, 1),
(25, 71, 1),
(25, 77, 0),
(25, 82, 1),
(26, 3, 1),
(26, 11, 0),
(26, 19, 1),
(26, 29, 1),
(26, 34, 1),
(26, 51, 0),
(26, 61, 1),
(26, 68, 1),
(26, 81, 1),
(26, 87, 1),
(26, 89, 0),
(27, 11, 0),
(27, 13, 1),
(27, 15, 1),
(27, 41, 1),
(27, 42, 0),
(27, 51, 1),
(27, 55, 0),
(27, 68, 0),
(27, 74, 1),
(27, 78, 0),
(28, 20, 1),
(28, 28, 0),
(28, 30, 0),
(28, 33, 0),
(28, 39, 0),
(28, 42, 0),
(28, 50, 1),
(28, 54, 0),
(28, 55, 1),
(28, 61, 0),
(28, 67, 1),
(28, 74, 0),
(28, 75, 0),
(28, 76, 1),
(28, 83, 1),
(28, 88, 1),
(28, 89, 0),
(29, 4, 1),
(29, 22, 0),
(29, 56, 1),
(29, 71, 0),
(29, 72, 1),
(30, 12, 0),
(30, 17, 1),
(30, 27, 0),
(30, 37, 1),
(30, 38, 1),
(30, 41, 1),
(30, 45, 0),
(30, 56, 1),
(30, 64, 1),
(30, 69, 0),
(30, 72, 0),
(30, 88, 0),
(31, 20, 1),
(31, 23, 1),
(31, 27, 0),
(31, 37, 0),
(31, 44, 1),
(31, 72, 0),
(31, 82, 1),
(31, 85, 1),
(31, 89, 0),
(32, 1, 1),
(32, 5, 0),
(32, 9, 0),
(32, 20, 1),
(32, 21, 0),
(32, 24, 0),
(32, 26, 0),
(32, 29, 1),
(32, 30, 0),
(32, 38, 0),
(32, 39, 0),
(32, 42, 0),
(32, 68, 0),
(32, 69, 1),
(32, 75, 0),
(33, 10, 1),
(33, 16, 1),
(33, 29, 1),
(33, 36, 0),
(33, 39, 0),
(33, 45, 0),
(33, 70, 1),
(33, 71, 0),
(33, 74, 1),
(33, 83, 1),
(33, 86, 0),
(34, 7, 1),
(34, 26, 1),
(34, 28, 1),
(34, 33, 0),
(34, 50, 1),
(34, 63, 1),
(34, 76, 0),
(34, 79, 0),
(34, 84, 0),
(35, 10, 0),
(35, 12, 0),
(35, 42, 0),
(35, 45, 1),
(35, 47, 1),
(35, 51, 0),
(35, 56, 0),
(35, 61, 0),
(35, 64, 0),
(35, 89, 0),
(36, 15, 1),
(36, 18, 0),
(36, 22, 1),
(36, 25, 0),
(36, 36, 1),
(36, 41, 1),
(36, 61, 1),
(36, 62, 0),
(36, 79, 1),
(37, 3, 1),
(37, 23, 0),
(37, 31, 1),
(37, 36, 1),
(37, 37, 1),
(37, 55, 0),
(37, 61, 1),
(37, 66, 0),
(38, 10, 1),
(38, 14, 0),
(38, 30, 0),
(38, 39, 0),
(38, 42, 0),
(38, 44, 0),
(38, 66, 1),
(38, 73, 1),
(38, 81, 0),
(38, 84, 1),
(38, 86, 0),
(38, 87, 1),
(38, 88, 1),
(39, 14, 1),
(39, 21, 0),
(39, 28, 1),
(39, 49, 1),
(39, 51, 1),
(39, 63, 0),
(39, 67, 0),
(40, 16, 0),
(40, 29, 1),
(40, 32, 1),
(40, 46, 1),
(40, 50, 1),
(40, 52, 1),
(40, 61, 0),
(40, 75, 0),
(40, 76, 0),
(40, 84, 1),
(40, 89, 0),
(41, 17, 1),
(41, 27, 0),
(41, 32, 0),
(41, 61, 0),
(41, 71, 1),
(41, 80, 0),
(42, 7, 1),
(42, 19, 1),
(42, 21, 0),
(42, 27, 1),
(42, 31, 1),
(42, 33, 0),
(42, 36, 0),
(42, 41, 0),
(42, 42, 0),
(42, 46, 1),
(42, 49, 0),
(42, 69, 1),
(42, 71, 1),
(43, 4, 0),
(43, 18, 1),
(43, 20, 1),
(43, 33, 0),
(43, 36, 0),
(43, 53, 1),
(43, 59, 1),
(43, 62, 1),
(43, 71, 0),
(43, 77, 1),
(43, 82, 0),
(44, 16, 0),
(44, 25, 0),
(44, 28, 0),
(44, 48, 0),
(44, 54, 0),
(44, 63, 0),
(44, 87, 1),
(44, 89, 0),
(45, 9, 1),
(45, 14, 1),
(45, 54, 1),
(45, 58, 1),
(45, 74, 1),
(45, 80, 1),
(45, 83, 0),
(45, 87, 0),
(46, 6, 0),
(46, 11, 0),
(46, 20, 1),
(46, 37, 1),
(46, 48, 1),
(46, 63, 1),
(46, 77, 0),
(47, 5, 1),
(47, 16, 1),
(47, 30, 0),
(47, 39, 1),
(47, 40, 0),
(47, 42, 0),
(47, 49, 0),
(47, 62, 1),
(47, 75, 0),
(47, 79, 1),
(48, 18, 0),
(48, 34, 1),
(48, 37, 1),
(48, 38, 1),
(48, 54, 1),
(48, 58, 1),
(48, 63, 0),
(48, 79, 1),
(48, 81, 0),
(49, 1, 0),
(49, 10, 0),
(49, 13, 1),
(49, 42, 0),
(49, 48, 0),
(49, 55, 0),
(49, 59, 0),
(49, 67, 1),
(49, 74, 1),
(49, 84, 0),
(50, 9, 0),
(50, 29, 1),
(50, 31, 1),
(50, 34, 0),
(50, 38, 0),
(50, 39, 1),
(50, 45, 0),
(50, 53, 1),
(50, 69, 1),
(50, 80, 0),
(50, 82, 1),
(50, 86, 1),
(50, 88, 0),
(51, 18, 1),
(51, 33, 1),
(51, 37, 1),
(51, 68, 0),
(51, 78, 0),
(51, 79, 1),
(51, 82, 1),
(51, 86, 0),
(52, 7, 0),
(52, 11, 1),
(52, 37, 0),
(52, 50, 0),
(52, 54, 0),
(53, 14, 1),
(53, 16, 0),
(53, 21, 1),
(53, 31, 0),
(53, 43, 1),
(53, 45, 0),
(53, 61, 0),
(53, 66, 0),
(53, 70, 1),
(54, 1, 1),
(54, 14, 0),
(54, 18, 1),
(54, 59, 1),
(54, 78, 0),
(55, 2, 0),
(55, 4, 1),
(55, 6, 1),
(55, 9, 0),
(55, 10, 0),
(55, 20, 0),
(55, 24, 1),
(55, 32, 1),
(55, 34, 0),
(55, 55, 1),
(55, 64, 0),
(55, 72, 0),
(55, 85, 1),
(56, 9, 0),
(56, 11, 1),
(56, 35, 0),
(56, 55, 0),
(56, 58, 1),
(56, 66, 0),
(56, 72, 1),
(56, 80, 0),
(56, 88, 1),
(57, 18, 0),
(57, 31, 0),
(57, 48, 0),
(57, 66, 1),
(57, 72, 0),
(58, 9, 1),
(58, 20, 1),
(58, 21, 1),
(58, 22, 1),
(58, 33, 0),
(58, 37, 0),
(58, 39, 0),
(58, 65, 1),
(58, 69, 1),
(58, 82, 0),
(59, 1, 1),
(59, 16, 1),
(59, 25, 0),
(59, 38, 1),
(59, 43, 0),
(59, 51, 1),
(59, 63, 0),
(59, 77, 0),
(59, 78, 1),
(60, 4, 0),
(60, 5, 1),
(60, 9, 1),
(60, 13, 0),
(60, 72, 0),
(60, 75, 1),
(60, 80, 1),
(60, 82, 1),
(60, 85, 0),
(60, 89, 1),
(61, 4, 1),
(61, 12, 1),
(61, 15, 1),
(61, 17, 0),
(61, 20, 1),
(61, 21, 0),
(61, 22, 0),
(61, 42, 0),
(61, 76, 0),
(61, 81, 0),
(61, 84, 1),
(61, 88, 0),
(62, 12, 1),
(62, 30, 0),
(62, 34, 0),
(62, 50, 1),
(62, 53, 1),
(62, 58, 1),
(62, 72, 0),
(62, 86, 0),
(63, 10, 0),
(63, 17, 0),
(63, 22, 1),
(63, 39, 1),
(63, 47, 1),
(63, 71, 1),
(63, 85, 0),
(64, 7, 0),
(64, 23, 1),
(64, 24, 0),
(64, 32, 1),
(64, 41, 1),
(64, 42, 1),
(64, 54, 0),
(64, 57, 1),
(64, 75, 0),
(65, 5, 0),
(65, 7, 1),
(65, 9, 1),
(65, 31, 0),
(65, 39, 1),
(65, 42, 0),
(65, 47, 0),
(65, 62, 1),
(65, 65, 1),
(65, 75, 0),
(65, 82, 1),
(66, 3, 0),
(66, 8, 0),
(66, 10, 0),
(66, 12, 1),
(66, 23, 1),
(66, 28, 0),
(66, 35, 1),
(66, 40, 0),
(66, 61, 0),
(66, 70, 1),
(66, 74, 0),
(67, 10, 0),
(67, 30, 1),
(67, 32, 0),
(67, 52, 0),
(67, 81, 1),
(67, 82, 0),
(68, 4, 0),
(68, 15, 1),
(68, 37, 1),
(68, 47, 1),
(68, 52, 1),
(68, 54, 1),
(68, 73, 1),
(68, 77, 0),
(68, 85, 1),
(68, 86, 1),
(69, 7, 0),
(69, 9, 0),
(69, 10, 0),
(69, 12, 1),
(69, 20, 1),
(69, 23, 1),
(69, 33, 1),
(69, 47, 1),
(69, 51, 1),
(69, 62, 0),
(69, 67, 0),
(69, 69, 1),
(69, 72, 1),
(70, 1, 0),
(70, 11, 0),
(70, 13, 1),
(70, 17, 0),
(70, 19, 1),
(70, 30, 1),
(70, 47, 1),
(70, 56, 1),
(70, 59, 1),
(70, 74, 1),
(70, 78, 0),
(71, 18, 0),
(71, 26, 0),
(71, 43, 1),
(71, 46, 0),
(71, 67, 0),
(72, 3, 1),
(72, 18, 0),
(72, 19, 0),
(72, 32, 0),
(72, 43, 1),
(72, 63, 1),
(72, 78, 1),
(72, 86, 1),
(72, 88, 0),
(73, 5, 0),
(73, 15, 1),
(73, 19, 1),
(73, 20, 1),
(73, 23, 1),
(73, 33, 1),
(73, 39, 0),
(73, 55, 0),
(73, 57, 1),
(73, 58, 1),
(73, 60, 0),
(73, 75, 1),
(73, 84, 0),
(74, 26, 0),
(74, 28, 0),
(74, 38, 1),
(74, 48, 1),
(74, 52, 0),
(74, 55, 0),
(74, 56, 0),
(74, 61, 1),
(74, 78, 0),
(74, 80, 1),
(74, 81, 0),
(74, 84, 1),
(75, 26, 0),
(75, 27, 1),
(75, 50, 0),
(75, 55, 0),
(75, 66, 1),
(75, 67, 1),
(75, 79, 0),
(76, 1, 1),
(76, 7, 1),
(76, 24, 0),
(76, 26, 1),
(76, 29, 1),
(76, 39, 1),
(76, 49, 0),
(76, 54, 1),
(76, 56, 0),
(76, 57, 0),
(76, 58, 1),
(76, 63, 1),
(76, 72, 0),
(76, 74, 0),
(76, 88, 0),
(76, 89, 1),
(77, 14, 1),
(77, 20, 0),
(77, 23, 0),
(77, 37, 1),
(77, 49, 1),
(77, 54, 0),
(77, 68, 1),
(77, 70, 1),
(77, 71, 1),
(77, 72, 1),
(77, 78, 1),
(78, 6, 1),
(78, 14, 0),
(78, 17, 1),
(78, 22, 1),
(78, 27, 1),
(78, 39, 1),
(78, 43, 1),
(78, 49, 0),
(78, 55, 0),
(78, 57, 1),
(79, 4, 1),
(79, 9, 0),
(79, 13, 1),
(79, 18, 0),
(79, 22, 0),
(79, 29, 1),
(79, 42, 0),
(79, 54, 1),
(79, 73, 0),
(79, 80, 1),
(79, 83, 1),
(79, 88, 0),
(80, 10, 1),
(80, 13, 1),
(80, 15, 1),
(80, 22, 1),
(80, 29, 0),
(80, 40, 0),
(80, 46, 0),
(80, 52, 0),
(80, 58, 1),
(80, 67, 0),
(80, 69, 1),
(80, 74, 0),
(80, 86, 0),
(81, 2, 0),
(81, 6, 0),
(81, 18, 0),
(81, 20, 1),
(81, 27, 0),
(81, 28, 0),
(81, 29, 1),
(81, 30, 1),
(81, 31, 0),
(81, 32, 1),
(81, 47, 0),
(81, 66, 0),
(81, 77, 0),
(81, 81, 0),
(81, 89, 1),
(82, 8, 0),
(82, 18, 1),
(82, 20, 0),
(82, 23, 0),
(82, 42, 1),
(82, 49, 0),
(82, 59, 0),
(82, 60, 1),
(82, 65, 0),
(82, 69, 1),
(83, 19, 1),
(83, 24, 0),
(83, 53, 1),
(83, 58, 0),
(83, 61, 0),
(83, 67, 0),
(83, 70, 1),
(83, 74, 1),
(83, 77, 0),
(83, 79, 1),
(83, 82, 0),
(84, 1, 0),
(84, 7, 0),
(84, 32, 0),
(84, 33, 1),
(84, 53, 1),
(84, 56, 1),
(84, 59, 0),
(84, 72, 1),
(84, 78, 1),
(84, 86, 1),
(85, 9, 0),
(85, 21, 0),
(85, 36, 0),
(85, 39, 1),
(85, 56, 1),
(85, 64, 0),
(85, 65, 1),
(85, 68, 0),
(85, 76, 0),
(85, 87, 1),
(86, 9, 1),
(86, 13, 0),
(86, 35, 1),
(86, 37, 0),
(86, 43, 0),
(86, 51, 1),
(86, 74, 1),
(87, 7, 1),
(87, 13, 1),
(87, 21, 0),
(87, 25, 0),
(87, 30, 0),
(87, 53, 0),
(87, 57, 1),
(87, 66, 1),
(87, 68, 0),
(87, 71, 0),
(87, 89, 0),
(88, 20, 0),
(88, 41, 0),
(88, 52, 1),
(88, 54, 1),
(88, 56, 0),
(88, 69, 1),
(88, 75, 1),
(88, 81, 0),
(89, 9, 1),
(89, 13, 1),
(89, 22, 0),
(89, 29, 0),
(89, 55, 0),
(89, 61, 0),
(90, 9, 0),
(90, 16, 1),
(90, 23, 1),
(90, 25, 1),
(90, 33, 1),
(90, 39, 1),
(90, 45, 1),
(90, 49, 0),
(91, 2, 0),
(91, 7, 0),
(91, 8, 0),
(91, 14, 0),
(91, 33, 0),
(91, 41, 0),
(91, 44, 0),
(91, 65, 1),
(91, 67, 0),
(91, 83, 1),
(92, 2, 1),
(92, 7, 1),
(92, 11, 0),
(92, 20, 0),
(92, 25, 0),
(92, 27, 1),
(92, 28, 0),
(92, 62, 0),
(92, 73, 0),
(93, 3, 1),
(93, 17, 1),
(93, 20, 1),
(93, 32, 1),
(93, 38, 0),
(93, 46, 0),
(93, 53, 1),
(93, 67, 1),
(93, 80, 0),
(93, 82, 0),
(93, 83, 1),
(93, 89, 0),
(94, 5, 0),
(94, 8, 1),
(94, 11, 0),
(94, 13, 1),
(94, 14, 0),
(94, 15, 1),
(94, 25, 0),
(94, 29, 0),
(94, 65, 1),
(94, 68, 0),
(94, 87, 1);

-- --------------------------------------------------------

--
-- Estructura para la vista `game_positive_percentage`
--
DROP TABLE IF EXISTS `game_positive_percentage`;

CREATE ALGORITHM=UNDEFINED DEFINER=`root`@`localhost` SQL SECURITY DEFINER VIEW `game_positive_percentage` AS select `user_votes`.`game` AS `game_id`,round(((count((case `user_votes`.`vote` when '1' then 1 else NULL end)) * 100) / count(0)),0) AS `positive_percentage` from `user_votes` group by `user_votes`.`game`;

-- --------------------------------------------------------

--
-- Estructura para la vista `game_vote_balance`
--
DROP TABLE IF EXISTS `game_vote_balance`;

CREATE ALGORITHM=UNDEFINED DEFINER=`root`@`localhost` SQL SECURITY DEFINER VIEW `game_vote_balance` AS select `games`.`id` AS `id`,`games`.`name` AS `name`,count((case `user_votes`.`vote` when '1' then 1 else NULL end)) AS `votos_positivos`,count((case `user_votes`.`vote` when '0' then 1 else NULL end)) AS `votos_negativos`,count(0) AS `votos_totales`,truncate(((count((case `user_votes`.`vote` when '1' then 1 else NULL end)) * 100) / count(`user_votes`.`game`)),2) AS `positive_percentage` from (`games` join `user_votes`) where (`games`.`id` = `user_votes`.`game`) group by `user_votes`.`game`;

-- --------------------------------------------------------

--
-- Estructura para la vista `most_negative_voted`
--
DROP TABLE IF EXISTS `most_negative_voted`;

CREATE ALGORITHM=UNDEFINED DEFINER=`root`@`localhost` SQL SECURITY DEFINER VIEW `most_negative_voted` AS select `games`.`id` AS `id`,`games`.`name` AS `name`,`games`.`cover` AS `cover`,count(0) AS `votes` from (`games` join `user_votes`) where ((`games`.`id` = `user_votes`.`game`) and (`user_votes`.`vote` <> 1)) group by `games`.`id` order by count(0) desc;

-- --------------------------------------------------------

--
-- Estructura para la vista `most_positive_voted`
--
DROP TABLE IF EXISTS `most_positive_voted`;

CREATE ALGORITHM=UNDEFINED DEFINER=`root`@`localhost` SQL SECURITY DEFINER VIEW `most_positive_voted` AS select `games`.`id` AS `id`,`games`.`name` AS `name`,`games`.`cover` AS `cover`,count(0) AS `votes` from (`games` join `user_votes`) where ((`games`.`id` = `user_votes`.`game`) and (`user_votes`.`vote` <> 0)) group by `games`.`id` order by count(0) desc;

-- --------------------------------------------------------

--
-- Estructura para la vista `most_voted`
--
DROP TABLE IF EXISTS `most_voted`;

CREATE ALGORITHM=UNDEFINED DEFINER=`root`@`localhost` SQL SECURITY DEFINER VIEW `most_voted` AS select `games`.`id` AS `id`,`games`.`name` AS `name`,`games`.`cover` AS `cover`,count(0) AS `votes` from (`games` join `user_votes`) where (`games`.`id` = `user_votes`.`game`) group by `games`.`id` order by count(0) desc;

-- --------------------------------------------------------

--
-- Estructura para la vista `saga_vote_balance`
--
DROP TABLE IF EXISTS `saga_vote_balance`;

CREATE ALGORITHM=UNDEFINED DEFINER=`root`@`localhost` SQL SECURITY DEFINER VIEW `saga_vote_balance` AS select `sagas`.`id` AS `id`,`sagas`.`name` AS `name`,count((case `saga_votes`.`vote` when '1' then 1 else NULL end)) AS `votos_positivos`,count((case `saga_votes`.`vote` when '0' then 1 else NULL end)) AS `votos_negativos`,count(0) AS `votos_totales`,truncate(((count((case `saga_votes`.`vote` when '1' then 1 else NULL end)) * 100) / count(`saga_votes`.`saga`)),2) AS `positive_percentage` from (`sagas` join `saga_votes`) where (`sagas`.`id` = `saga_votes`.`saga`) group by `saga_votes`.`saga`;

--
-- Restricciones para tablas volcadas
--

--
-- Filtros para la tabla `game_platform`
--
ALTER TABLE `game_platform`
  ADD CONSTRAINT `fk_game_gameplatform` FOREIGN KEY (`game`) REFERENCES `games` (`id`) ON DELETE CASCADE ON UPDATE CASCADE,
  ADD CONSTRAINT `fk_platform_gameplatform` FOREIGN KEY (`platform`) REFERENCES `platforms` (`id`) ON DELETE CASCADE ON UPDATE CASCADE;

--
-- Filtros para la tabla `game_saga`
--
ALTER TABLE `game_saga`
  ADD CONSTRAINT `fk_game_gamesaga` FOREIGN KEY (`game`) REFERENCES `games` (`id`) ON DELETE CASCADE ON UPDATE CASCADE,
  ADD CONSTRAINT `fk_saga_gamesaga` FOREIGN KEY (`saga`) REFERENCES `sagas` (`id`) ON DELETE CASCADE ON UPDATE CASCADE;

--
-- Filtros para la tabla `saga_votes`
--
ALTER TABLE `saga_votes`
  ADD CONSTRAINT `fk_saga_sagavotes` FOREIGN KEY (`saga`) REFERENCES `sagas` (`id`) ON DELETE CASCADE ON UPDATE CASCADE,
  ADD CONSTRAINT `fk_user_sagavotes` FOREIGN KEY (`user`) REFERENCES `users` (`user_id`) ON DELETE CASCADE ON UPDATE CASCADE;

--
-- Filtros para la tabla `user_votes`
--
ALTER TABLE `user_votes`
  ADD CONSTRAINT `fk_game_votes` FOREIGN KEY (`game`) REFERENCES `games` (`id`) ON DELETE CASCADE ON UPDATE CASCADE,
  ADD CONSTRAINT `fk_user_votes` FOREIGN KEY (`user`) REFERENCES `users` (`user_id`) ON DELETE CASCADE ON UPDATE CASCADE;

/*!40101 SET CHARACTER_SET_CLIENT=@OLD_CHARACTER_SET_CLIENT */;
/*!40101 SET CHARACTER_SET_RESULTS=@OLD_CHARACTER_SET_RESULTS */;
/*!40101 SET COLLATION_CONNECTION=@OLD_COLLATION_CONNECTION */;
